<Anims>
 <anim name="anim" root="rabbithouse" numframes="25" framerate="40">
  <frame idx="0" w="1085" h="2213" x="-314.248413" y="-1161.448486">
   <element name="rabbit_house" layername="rabbit_house" frame="3" z_index="28" m_a="1.000000" m_b="0.000000" m_c="0.000000" m_d="1.000000" m_tx="18.950001" m_ty="-762.898987"/>
   <element name="rabbit_house" layername="rabbit_house" frame="2" z_index="29" m_a="1.000000" m_b="0.000000" m_c="0.000000" m_d="1.000000" m_tx="8.150000" m_ty="-762.898987"/>
   <element name="rabbit_house" layername="rabbit_house_2" frame="1" z_index="30" m_a="1.000000" m_b="0.000000" m_c="0.000000" m_d="1.000000" m_tx="-8.049000" m_ty="-762.898987"/>
   <element name="rabbit_house" layername="rabbit_house_3" frame="0" z_index="31" m_a="1.000000" m_b="0.000000" m_c="0.000000" m_d="1.000000" m_tx="2.750000" m_ty="-22.948999"/>
  </frame>
 </anim>
 <anim name="burnt" root="rabbithouse" numframes="50" framerate="40">
  <frame idx="0" w="624" h="1356" x="-23.274429" y="-453.573517">
   <element name="rabbit_house" layername="rabbit_house" frame="4" z_index="36" m_a="1.000000" m_b="0.000000" m_c="0.000000" m_d="1.000000" m_tx="2.750000" m_ty="-22.948999"/>
  </frame>
  <frame idx="25" w="624" h="1356" x="-23.274429" y="-453.573517">
   <element name="rabbit_house" layername="rabbit_house" frame="4" z_index="36" m_a="1.000000" m_b="0.000000" m_c="0.000000" m_d="1.000000" m_tx="2.750000" m_ty="-22.948999"/>
  </frame>
 </anim>
 <anim name="hit" root="rabbithouse" numframes="350" framerate="40">
  <frame idx="0" w="1116" h="2196" x="-330.214783" y="-1156.915527">
   <element name="rabbit_house" layername="rabbit_house" frame="3" z_index="28" m_a="1.044490" m_b="0.000000" m_c="0.000000" m_d="0.931168" m_tx="2.150000" m_ty="-762.898987"/>
   <element name="rabbit_house" layername="rabbit_house" frame="2" z_index="29" m_a="0.999830" m_b="0.018447" m_c="-0.018460" m_d="1.000510" m_tx="-8.649000" m_ty="-762.898987"/>
   <element name="rabbit_house" layername="rabbit_house_2" frame="1" z_index="30" m_a="0.991956" m_b="0.043102" m_c="-0.043977" m_d="1.012105" m_tx="-24.849001" m_ty="-762.898987"/>
   <element name="rabbit_house" layername="rabbit_house_3" frame="0" z_index="31" m_a="0.999907" m_b="-0.013668" m_c="0.013673" m_d="1.000277" m_tx="2.750000" m_ty="-22.948999"/>
  </frame>
  <frame idx="25" w="1125" h="2211" x="-325.208435" y="-1162.020264">
   <element name="rabbit_house" layername="rabbit_house" frame="3" z_index="28" m_a="1.032299" m_b="-0.018669" m_c="0.016722" m_d="0.924629" m_tx="15.348530" m_ty="-762.898987"/>
   <element name="rabbit_house" layername="rabbit_house" frame="2" z_index="29" m_a="0.999999" m_b="-0.001608" m_c="0.001610" m_d="1.001392" m_tx="4.585559" m_ty="-762.898987"/>
   <element name="rabbit_house" layername="rabbit_house_2" frame="1" z_index="30" m_a="1.022837" m_b="0.030117" m_c="-0.029363" m_d="0.997247" m_tx="-11.650471" m_ty="-762.935730"/>
   <element name="rabbit_house" layername="rabbit_house_3" frame="0" z_index="31" m_a="0.999993" m_b="-0.003775" m_c="0.003776" m_d="1.000341" m_tx="2.713235" m_ty="-22.948999"/>
  </frame>
  <frame idx="50" w="1134" h="2224" x="-319.473877" y="-1166.664063">
   <element name="rabbit_house" layername="rabbit_house" frame="3" z_index="28" m_a="1.019570" m_b="-0.038977" m_c="0.035080" m_d="0.917642" m_tx="28.851517" m_ty="-762.898987"/>
   <element name="rabbit_house" layername="rabbit_house" frame="2" z_index="29" m_a="0.999750" m_b="-0.022351" m_c="0.022399" m_d="1.001909" m_tx="18.077274" m_ty="-762.898987"/>
   <element name="rabbit_house" layername="rabbit_house_2" frame="1" z_index="30" m_a="1.054292" m_b="0.017259" m_c="-0.016074" m_d="0.981860" m_tx="1.852030" m_ty="-762.924744"/>
   <element name="rabbit_house" layername="rabbit_house_3" frame="0" z_index="31" m_a="0.999984" m_b="0.005687" m_c="-0.005688" m_d="1.000300" m_tx="2.724242" m_ty="-22.948999"/>
  </frame>
  <frame idx="75" w="1140" h="2229" x="-317.049561" y="-1167.816406">
   <element name="rabbit_house" layername="rabbit_house" frame="3" z_index="28" m_a="1.016151" m_b="-0.049335" m_c="0.044534" m_d="0.917266" m_tx="34.356060" m_ty="-762.898987"/>
   <element name="rabbit_house" layername="rabbit_house" frame="2" z_index="29" m_a="1.000242" m_b="-0.032692" m_c="0.032577" m_d="0.996728" m_tx="23.568182" m_ty="-762.898987"/>
   <element name="rabbit_house" layername="rabbit_house_2" frame="1" z_index="30" m_a="1.064828" m_b="0.008007" m_c="-0.007283" m_d="0.968621" m_tx="7.368424" m_ty="-762.898987"/>
   <element name="rabbit_house" layername="rabbit_house_3" frame="0" z_index="31" m_a="0.999959" m_b="0.009099" m_c="-0.009102" m_d="1.000241" m_tx="2.750000" m_ty="-22.948999"/>
  </frame>
  <frame idx="100" w="1138" h="2213" x="-321.455750" y="-1160.601318">
   <element name="rabbit_house" layername="rabbit_house" frame="3" z_index="28" m_a="1.033409" m_b="-0.036700" m_c="0.033088" m_d="0.931705" m_tx="22.500000" m_ty="-762.898987"/>
   <element name="rabbit_house" layername="rabbit_house" frame="2" z_index="29" m_a="1.002999" m_b="-0.020078" m_c="0.019619" m_d="0.980066" m_tx="11.750000" m_ty="-762.898987"/>
   <element name="rabbit_house" layername="rabbit_house_2" frame="1" z_index="30" m_a="1.030298" m_b="0.006725" m_c="-0.006270" m_d="0.960632" m_tx="-4.449000" m_ty="-762.898987"/>
   <element name="rabbit_house" layername="rabbit_house_3" frame="0" z_index="31" m_a="1.000000" m_b="0.000174" m_c="-0.000174" m_d="1.000260" m_tx="2.750000" m_ty="-22.948999"/>
  </frame>
  <frame idx="125" w="1138" h="2199" x="-325.750916" y="-1154.322144">
   <element name="rabbit_house" layername="rabbit_house" frame="3" z_index="28" m_a="1.050236" m_b="-0.026659" m_c="0.024003" m_d="0.945601" m_tx="11.066176" m_ty="-762.898987"/>
   <element name="rabbit_house" layername="rabbit_house" frame="2" z_index="29" m_a="1.005502" m_b="-0.009414" m_c="0.009024" m_d="0.963888" m_tx="0.280147" m_ty="-762.898987"/>
   <element name="rabbit_house" layername="rabbit_house_2" frame="1" z_index="30" m_a="0.996849" m_b="0.005419" m_c="-0.005181" m_d="0.953017" m_tx="-15.919588" m_ty="-762.898987"/>
   <element name="rabbit_house" layername="rabbit_house_3" frame="0" z_index="31" m_a="0.999970" m_b="-0.007694" m_c="0.007696" m_d="1.000201" m_tx="2.750000" m_ty="-22.948999"/>
  </frame>
  <frame idx="150" w="1130" h="2196" x="-325.542603" y="-1153.000488">
   <element name="rabbit_house" layername="rabbit_house" frame="3" z_index="28" m_a="1.047937" m_b="-0.018645" m_c="0.017044" m_d="0.957934" m_tx="8.719697" m_ty="-762.898987"/>
   <element name="rabbit_house" layername="rabbit_house" frame="2" z_index="29" m_a="1.005431" m_b="-0.004134" m_c="0.003965" m_d="0.964250" m_tx="-2.055061" m_ty="-762.898987"/>
   <element name="rabbit_house" layername="rabbit_house_2" frame="1" z_index="30" m_a="0.987005" m_b="0.003775" m_c="-0.003663" m_d="0.957587" m_tx="-18.279303" m_ty="-762.947510"/>
   <element name="rabbit_house" layername="rabbit_house_3" frame="0" z_index="31" m_a="0.999962" m_b="-0.008689" m_c="0.008690" m_d="1.000134" m_tx="2.725758" m_ty="-22.948999"/>
  </frame>
  <frame idx="175" w="1118" h="2201" x="-322.686096" y="-1155.184692">
   <element name="rabbit_house" layername="rabbit_house" frame="3" z_index="28" m_a="1.035656" m_b="-0.012918" m_c="0.012084" m_d="0.968726" m_tx="11.327273" m_ty="-762.898987"/>
   <element name="rabbit_house" layername="rabbit_house" frame="2" z_index="29" m_a="1.004041" m_b="-0.002535" m_c="0.002458" m_d="0.973391" m_tx="0.578030" m_ty="-762.898987"/>
   <element name="rabbit_house" layername="rabbit_house_2" frame="1" z_index="30" m_a="0.990269" m_b="0.002422" m_c="-0.002368" m_d="0.968370" m_tx="-15.671727" m_ty="-762.974792"/>
   <element name="rabbit_house" layername="rabbit_house_3" frame="0" z_index="31" m_a="0.999981" m_b="-0.006179" m_c="0.006180" m_d="1.000089" m_tx="2.712121" m_ty="-22.948999"/>
  </frame>
  <frame idx="200" w="1108" h="2205" x="-320.048218" y="-1157.338745">
   <element name="rabbit_house" layername="rabbit_house" frame="3" z_index="28" m_a="1.024999" m_b="-0.009179" m_c="0.008758" m_d="0.978080" m_tx="13.600000" m_ty="-762.898987"/>
   <element name="rabbit_house" layername="rabbit_house" frame="2" z_index="29" m_a="1.002837" m_b="-0.002269" m_c="0.002220" m_d="0.981331" m_tx="2.850000" m_ty="-762.898987"/>
   <element name="rabbit_house" layername="rabbit_house_2" frame="1" z_index="30" m_a="0.993173" m_b="0.002166" m_c="-0.002133" m_d="0.977800" m_tx="-13.399000" m_ty="-762.898987"/>
   <element name="rabbit_house" layername="rabbit_house_3" frame="0" z_index="31" m_a="0.999990" m_b="-0.004440" m_c="0.004440" m_d="1.000060" m_tx="2.750000" m_ty="-22.948999"/>
  </frame>
  <frame idx="225" w="1101" h="2207" x="-318.300903" y="-1158.381836">
   <element name="rabbit_house" layername="rabbit_house" frame="3" z_index="28" m_a="1.016964" m_b="-0.005876" m_c="0.005692" m_d="0.985137" m_tx="15.327941" m_ty="-762.898987"/>
   <element name="rabbit_house" layername="rabbit_house" frame="2" z_index="29" m_a="1.001921" m_b="-0.000856" m_c="0.000843" m_d="0.987328" m_tx="4.577941" m_ty="-762.898987"/>
   <element name="rabbit_house" layername="rabbit_house_2" frame="1" z_index="30" m_a="0.995376" m_b="0.002006" m_c="-0.001985" m_d="0.984944" m_tx="-11.671059" m_ty="-762.898987"/>
   <element name="rabbit_house" layername="rabbit_house_3" frame="0" z_index="31" m_a="0.999996" m_b="-0.002864" m_c="0.002864" m_d="1.000044" m_tx="2.750000" m_ty="-22.948999"/>
  </frame>
  <frame idx="250" w="1095" h="2211" x="-316.806519" y="-1159.847900">
   <element name="rabbit_house" layername="rabbit_house" frame="3" z_index="28" m_a="1.010278" m_b="-0.003508" m_c="0.003441" m_d="0.990994" m_tx="16.750000" m_ty="-762.874756"/>
   <element name="rabbit_house" layername="rabbit_house" frame="2" z_index="29" m_a="1.001168" m_b="-0.000253" m_c="0.000251" m_d="0.992320" m_tx="6.000000" m_ty="-762.898987"/>
   <element name="rabbit_house" layername="rabbit_house_2" frame="1" z_index="30" m_a="0.997204" m_b="0.001072" m_c="-0.001065" m_d="0.990875" m_tx="-10.249000" m_ty="-762.874756"/>
   <element name="rabbit_house" layername="rabbit_house_3" frame="0" z_index="31" m_a="0.999999" m_b="-0.001324" m_c="0.001324" m_d="1.000029" m_tx="2.725758" m_ty="-22.948999"/>
  </frame>
  <frame idx="275" w="1090" h="2212" x="-315.562408" y="-1160.640625">
   <element name="rabbit_house" layername="rabbit_house" frame="3" z_index="28" m_a="1.005111" m_b="-0.001740" m_c="0.001724" m_d="0.995512" m_tx="17.842424" m_ty="-762.861145"/>
   <element name="rabbit_house" layername="rabbit_house" frame="2" z_index="29" m_a="1.000587" m_b="-0.000127" m_c="0.000127" m_d="0.996182" m_tx="7.080303" m_ty="-762.886841"/>
   <element name="rabbit_house" layername="rabbit_house_2" frame="1" z_index="30" m_a="0.998603" m_b="0.000118" m_c="-0.000118" m_d="0.995450" m_tx="-9.168697" m_ty="-762.848999"/>
   <element name="rabbit_house" layername="rabbit_house_3" frame="0" z_index="31" m_a="1.000000" m_b="-0.000238" m_c="0.000238" m_d="1.000015" m_tx="2.712121" m_ty="-22.948999"/>
  </frame>
  <frame idx="300" w="1086" h="2213" x="-314.547729" y="-1161.157959">
   <element name="rabbit_house" layername="rabbit_house" frame="3" z_index="28" m_a="1.001560" m_b="-0.000153" m_c="0.000152" m_d="0.998611" m_tx="18.600000" m_ty="-762.898987"/>
   <element name="rabbit_house" layername="rabbit_house" frame="2" z_index="29" m_a="1.000170" m_b="-0.000046" m_c="0.000046" m_d="0.998840" m_tx="7.800000" m_ty="-762.848999"/>
   <element name="rabbit_house" layername="rabbit_house_2" frame="1" z_index="30" m_a="0.999542" m_b="0.000052" m_c="-0.000052" m_d="0.998596" m_tx="-8.449000" m_ty="-762.848999"/>
   <element name="rabbit_house" layername="rabbit_house_3" frame="0" z_index="31" m_a="1.000000" m_b="-0.000076" m_c="0.000076" m_d="1.000000" m_tx="2.750000" m_ty="-22.948999"/>
  </frame>
  <frame idx="325" w="1085" h="2213" x="-314.327637" y="-1161.371582">
   <element name="rabbit_house" layername="rabbit_house" frame="3" z_index="28" m_a="1.000413" m_b="-0.000040" m_c="0.000040" m_d="0.999632" m_tx="18.857353" m_ty="-762.898987"/>
   <element name="rabbit_house" layername="rabbit_house" frame="2" z_index="29" m_a="1.000045" m_b="-0.000012" m_c="0.000012" m_d="0.999693" m_tx="8.057353" m_ty="-762.885742"/>
   <element name="rabbit_house" layername="rabbit_house_2" frame="1" z_index="30" m_a="0.999879" m_b="0.000014" m_c="-0.000014" m_d="0.999628" m_tx="-8.154882" m_ty="-762.885742"/>
   <element name="rabbit_house" layername="rabbit_house_3" frame="0" z_index="31" m_a="1.000000" m_b="-0.000020" m_c="0.000020" m_d="1.000000" m_tx="2.750000" m_ty="-22.948999"/>
  </frame>
 </anim>
 <anim name="idle" root="rabbithouse" numframes="50" framerate="40">
  <frame idx="0" w="1085" h="2213" x="-314.248413" y="-1161.448486">
   <element name="rabbit_house" layername="rabbit_house" frame="3" z_index="12" m_a="1.000000" m_b="0.000000" m_c="0.000000" m_d="1.000000" m_tx="18.950001" m_ty="-762.898987"/>
   <element name="rabbit_house" layername="rabbit_house" frame="2" z_index="13" m_a="1.000000" m_b="0.000000" m_c="0.000000" m_d="1.000000" m_tx="8.150000" m_ty="-762.898987"/>
   <element name="rabbit_house" layername="rabbit_house_2" frame="1" z_index="14" m_a="1.000000" m_b="0.000000" m_c="0.000000" m_d="1.000000" m_tx="-8.049000" m_ty="-762.898987"/>
   <element name="rabbit_house" layername="rabbit_house_3" frame="0" z_index="15" m_a="1.000000" m_b="0.000000" m_c="0.000000" m_d="1.000000" m_tx="2.750000" m_ty="-22.948999"/>
  </frame>
  <frame idx="25" w="1085" h="2213" x="-314.248413" y="-1161.448486">
   <element name="rabbit_house" layername="rabbit_house" frame="3" z_index="12" m_a="1.000000" m_b="0.000000" m_c="0.000000" m_d="1.000000" m_tx="18.950001" m_ty="-762.898987"/>
   <element name="rabbit_house" layername="rabbit_house" frame="2" z_index="13" m_a="1.000000" m_b="0.000000" m_c="0.000000" m_d="1.000000" m_tx="8.150000" m_ty="-762.898987"/>
   <element name="rabbit_house" layername="rabbit_house_2" frame="1" z_index="14" m_a="1.000000" m_b="0.000000" m_c="0.000000" m_d="1.000000" m_tx="-8.049000" m_ty="-762.898987"/>
   <element name="rabbit_house" layername="rabbit_house_3" frame="0" z_index="15" m_a="1.000000" m_b="0.000000" m_c="0.000000" m_d="1.000000" m_tx="2.750000" m_ty="-22.948999"/>
  </frame>
 </anim>
 <anim name="lit" root="rabbithouse" numframes="50" framerate="40">
  <frame idx="0" w="1085" h="2213" x="-314.248413" y="-1161.448486">
   <element name="rabbit_house" layername="rabbit_house" frame="3" z_index="28" m_a="1.000000" m_b="0.000000" m_c="0.000000" m_d="1.000000" m_tx="18.950001" m_ty="-762.898987"/>
   <element name="rabbit_house" layername="rabbit_house" frame="2" z_index="29" m_a="1.000000" m_b="0.000000" m_c="0.000000" m_d="1.000000" m_tx="8.150000" m_ty="-762.898987"/>
   <element name="rabbit_house" layername="rabbit_house_2" frame="1" z_index="30" m_a="1.000000" m_b="0.000000" m_c="0.000000" m_d="1.000000" m_tx="-8.049000" m_ty="-762.898987"/>
   <element name="rabbit_house" layername="rabbit_house_3" frame="0" z_index="31" m_a="1.000000" m_b="0.000000" m_c="0.000000" m_d="1.000000" m_tx="2.750000" m_ty="-22.948999"/>
  </frame>
  <frame idx="25" w="1085" h="2213" x="-314.248413" y="-1161.448486">
   <element name="rabbit_house" layername="rabbit_house" frame="3" z_index="28" m_a="1.000000" m_b="0.000000" m_c="0.000000" m_d="1.000000" m_tx="18.950001" m_ty="-762.898987"/>
   <element name="rabbit_house" layername="rabbit_house" frame="2" z_index="29" m_a="1.000000" m_b="0.000000" m_c="0.000000" m_d="1.000000" m_tx="8.150000" m_ty="-762.898987"/>
   <element name="rabbit_house" layername="rabbit_house_2" frame="1" z_index="30" m_a="1.000000" m_b="0.000000" m_c="0.000000" m_d="1.000000" m_tx="-8.049000" m_ty="-762.898987"/>
   <element name="rabbit_house" layername="rabbit_house_3" frame="0" z_index="31" m_a="1.000000" m_b="0.000000" m_c="0.000000" m_d="1.000000" m_tx="2.750000" m_ty="-22.948999"/>
  </frame>
 </anim>
 <anim name="place" root="rabbithouse" numframes="525" framerate="40">
  <frame idx="0" w="817" h="0" x="-68.500000" y="0.000000"/>
  <frame idx="25" w="817" h="0" x="-68.500000" y="0.000000"/>
  <frame idx="50" w="1390" h="2146" x="-775.170532" y="-1192.379395">
   <element name="rabbit_house" layername="rabbit_house" frame="3" z_index="28" m_a="1.082415" m_b="-1.102050" m_c="-0.573783" m_d="-0.563560" m_tx="11.822727" m_ty="-663.892944"/>
   <element name="rabbit_house" layername="rabbit_house" frame="2" z_index="29" m_a="-0.692307" m_b="-0.570482" m_c="-0.835721" m_d="1.014188" m_tx="9.022727" m_ty="-687.892944"/>
   <element name="rabbit_house" layername="rabbit_house_2" frame="1" z_index="30" m_a="0.238055" m_b="1.566888" m_c="0.821874" m_d="-0.124866" m_tx="4.799000" m_ty="-679.941406"/>
   <element name="rabbit_house" layername="rabbit_house_3" frame="0" z_index="31" m_a="1.116004" m_b="0.000000" m_c="0.000000" m_d="0.892226" m_tx="2.750000" m_ty="-22.924757"/>
  </frame>
  <frame idx="75" w="1517" h="2278" x="-785.930481" y="-1241.019043">
   <element name="rabbit_house" layername="rabbit_house" frame="3" z_index="28" m_a="1.209017" m_b="-0.838361" m_c="-0.444867" m_d="-0.641551" m_tx="19.424242" m_ty="-715.470215"/>
   <element name="rabbit_house" layername="rabbit_house" frame="2" z_index="29" m_a="-0.670559" m_b="-0.647011" m_c="-0.907621" m_d="0.940653" m_tx="16.624243" m_ty="-739.470215"/>
   <element name="rabbit_house" layername="rabbit_house_2" frame="1" z_index="30" m_a="0.526482" m_b="1.368783" m_c="0.925038" m_d="-0.355802" m_tx="12.386364" m_ty="-731.545959"/>
   <element name="rabbit_house" layername="rabbit_house_3" frame="0" z_index="31" m_a="1.020329" m_b="0.000000" m_c="0.000000" m_d="0.976406" m_tx="2.750000" m_ty="-22.911121"/>
  </frame>
  <frame idx="100" w="1655" h="2396" x="-791.890137" y="-1299.235352">
   <element name="rabbit_house" layername="rabbit_house" frame="3" z_index="28" m_a="1.280128" m_b="-0.567328" m_c="-0.307153" m_d="-0.693064" m_tx="27.000000" m_ty="-767.098999"/>
   <element name="rabbit_house" layername="rabbit_house" frame="2" z_index="29" m_a="-0.640958" m_b="-0.725542" m_c="-0.976005" m_d="0.862222" m_tx="24.200001" m_ty="-791.098999"/>
   <element name="rabbit_house" layername="rabbit_house_2" frame="1" z_index="30" m_a="0.745111" m_b="1.125100" m_c="0.960378" m_d="-0.636022" m_tx="20.000000" m_ty="-783.098999"/>
   <element name="rabbit_house" layername="rabbit_house_3" frame="0" z_index="31" m_a="0.954483" m_b="0.000000" m_c="0.000000" m_d="1.034330" m_tx="2.750000" m_ty="-22.948999"/>
  </frame>
  <frame idx="125" w="677" h="2332" x="-203.386169" y="-1224.374390">
   <element name="rabbit_house" layername="rabbit_house" frame="3" z_index="28" m_a="0.447429" m_b="0.298649" m_c="-0.407160" m_d="0.609998" m_tx="21.080883" m_ty="-796.363708"/>
   <element name="rabbit_house" layername="rabbit_house" frame="2" z_index="29" m_a="0.425490" m_b="0.114361" m_c="-0.309694" m_d="1.152240" m_tx="12.398530" m_ty="-802.716614"/>
   <element name="rabbit_house" layername="rabbit_house_2" frame="1" z_index="30" m_a="0.639919" m_b="-0.147386" m_c="0.226463" m_d="0.983254" m_tx="-0.624264" m_ty="-800.598999"/>
   <element name="rabbit_house" layername="rabbit_house_3" frame="0" z_index="31" m_a="0.933188" m_b="0.000000" m_c="0.000000" m_d="1.053065" m_tx="2.750000" m_ty="-22.948999"/>
  </frame>
  <frame idx="150" w="1328" h="2268" x="-378.639221" y="-1181.159180">
   <element name="rabbit_house" layername="rabbit_house" frame="3" z_index="28" m_a="1.191344" m_b="-0.103318" m_c="0.064747" m_d="0.746587" m_tx="20.040911" m_ty="-786.438354"/>
   <element name="rabbit_house" layername="rabbit_house" frame="2" z_index="29" m_a="0.984963" m_b="0.128552" m_c="-0.138802" m_d="1.063496" m_tx="9.216666" m_ty="-786.414124"/>
   <element name="rabbit_house" layername="rabbit_house_2" frame="1" z_index="30" m_a="1.252267" m_b="0.358068" m_c="-0.260149" m_d="0.909816" m_tx="-6.982333" m_ty="-786.389893"/>
   <element name="rabbit_house" layername="rabbit_house_3" frame="0" z_index="31" m_a="0.960626" m_b="0.000000" m_c="0.000000" m_d="1.035640" m_tx="2.750000" m_ty="-22.948999"/>
  </frame>
  <frame idx="175" w="1228" h="2144" x="-365.686554" y="-1095.637817">
   <element name="rabbit_house" layername="rabbit_house" frame="3" z_index="28" m_a="1.140386" m_b="0.047098" m_c="-0.032320" m_d="0.782574" m_tx="21.503031" m_ty="-758.541382"/>
   <element name="rabbit_house" layername="rabbit_house" frame="2" z_index="29" m_a="1.026166" m_b="0.246876" m_c="-0.224969" m_d="0.935107" m_tx="10.677273" m_ty="-758.527771"/>
   <element name="rabbit_house" layername="rabbit_house_2" frame="1" z_index="30" m_a="1.197868" m_b="0.025296" m_c="-0.019657" m_d="0.930825" m_tx="-5.521727" m_ty="-758.477783"/>
   <element name="rabbit_house" layername="rabbit_house_3" frame="0" z_index="31" m_a="1.008457" m_b="0.000000" m_c="0.000000" m_d="1.002711" m_tx="2.762121" m_ty="-22.948999"/>
  </frame>
  <frame idx="200" w="1136" h="2056" x="-344.617737" y="-1034.303467">
   <element name="rabbit_house" layername="rabbit_house" frame="3" z_index="28" m_a="1.094366" m_b="0.141997" m_c="-0.103769" m_d="0.799745" m_tx="22.450001" m_ty="-739.299011"/>
   <element name="rabbit_house" layername="rabbit_house" frame="2" z_index="29" m_a="1.045732" m_b="0.335426" m_c="-0.270536" m_d="0.843431" m_tx="11.700000" m_ty="-739.398987"/>
   <element name="rabbit_house" layername="rabbit_house_2" frame="1" z_index="30" m_a="1.112683" m_b="-0.172010" m_c="0.140681" m_d="0.910023" m_tx="-4.499000" m_ty="-739.348999"/>
   <element name="rabbit_house" layername="rabbit_house_3" frame="0" z_index="31" m_a="1.041370" m_b="0.000000" m_c="0.000000" m_d="0.980057" m_tx="2.800000" m_ty="-22.948999"/>
  </frame>
  <frame idx="225" w="1102" h="2027" x="-335.841858" y="-1014.107361">
   <element name="rabbit_house" layername="rabbit_house" frame="3" z_index="28" m_a="1.078251" m_b="0.171920" m_c="-0.128199" m_d="0.804041" m_tx="22.817648" m_ty="-733.122498"/>
   <element name="rabbit_house" layername="rabbit_house" frame="2" z_index="29" m_a="1.051549" m_b="0.365374" m_c="-0.282761" m_d="0.813788" m_tx="12.030882" m_ty="-733.148987"/>
   <element name="rabbit_house" layername="rabbit_house_2" frame="1" z_index="30" m_a="1.078627" m_b="-0.232011" m_c="0.192977" m_d="0.897155" m_tx="-4.168118" m_ty="-733.135742"/>
   <element name="rabbit_house" layername="rabbit_house_3" frame="0" z_index="31" m_a="1.052017" m_b="0.000000" m_c="0.000000" m_d="0.972731" m_tx="2.763235" m_ty="-22.948999"/>
  </frame>
  <frame idx="250" w="1090" h="2041" x="-331.263611" y="-1026.476318">
   <element name="rabbit_house" layername="rabbit_house" frame="3" z_index="28" m_a="1.065562" m_b="0.159447" m_c="-0.123965" m_d="0.828443" m_tx="22.489395" m_ty="-734.559570"/>
   <element name="rabbit_house" layername="rabbit_house" frame="2" z_index="29" m_a="1.054185" m_b="0.329686" m_c="-0.259477" m_d="0.829690" m_tx="11.665152" m_ty="-734.535339"/>
   <element name="rabbit_house" layername="rabbit_house_2" frame="1" z_index="30" m_a="1.061073" m_b="-0.221640" m_c="0.189304" m_d="0.906271" m_tx="-4.509606" m_ty="-734.486877"/>
   <element name="rabbit_house" layername="rabbit_house_3" frame="0" z_index="31" m_a="1.049508" m_b="0.000000" m_c="0.000000" m_d="0.973489" m_tx="2.750000" m_ty="-22.948999"/>
  </frame>
  <frame idx="275" w="1089" h="2076" x="-328.924377" y="-1054.081299">
   <element name="rabbit_house" layername="rabbit_house" frame="3" z_index="28" m_a="1.054723" m_b="0.126326" m_c="-0.103303" m_d="0.862498" m_tx="21.806061" m_ty="-740.024719"/>
   <element name="rabbit_house" layername="rabbit_house" frame="2" z_index="29" m_a="1.051670" m_b="0.261931" m_c="-0.216098" m_d="0.867649" m_tx="10.956060" m_ty="-739.974731"/>
   <element name="rabbit_house" layername="rabbit_house_2" frame="1" z_index="30" m_a="1.052850" m_b="-0.175987" m_c="0.154946" m_d="0.926977" m_tx="-5.192939" m_ty="-739.886902"/>
   <element name="rabbit_house" layername="rabbit_house_3" frame="0" z_index="31" m_a="1.040019" m_b="0.000000" m_c="0.000000" m_d="0.978573" m_tx="2.750000" m_ty="-22.948999"/>
  </frame>
  <frame idx="300" w="1089" h="2108" x="-326.495911" y="-1078.830811">
   <element name="rabbit_house" layername="rabbit_house" frame="3" z_index="28" m_a="1.044249" m_b="0.098563" m_c="-0.084277" m_d="0.892893" m_tx="21.200001" m_ty="-744.948975"/>
   <element name="rabbit_house" layername="rabbit_house" frame="2" z_index="29" m_a="1.046101" m_b="0.203758" m_c="-0.175294" m_d="0.899965" m_tx="10.350000" m_ty="-744.898987"/>
   <element name="rabbit_house" layername="rabbit_house_2" frame="1" z_index="30" m_a="1.044183" m_b="-0.135825" m_c="0.122896" m_d="0.944791" m_tx="-5.799000" m_ty="-744.848999"/>
   <element name="rabbit_house" layername="rabbit_house_3" frame="0" z_index="31" m_a="1.031420" m_b="0.000000" m_c="0.000000" m_d="0.983185" m_tx="2.750000" m_ty="-22.948999"/>
  </frame>
  <frame idx="325" w="1089" h="2132" x="-324.214325" y="-1098.367310">
   <element name="rabbit_house" layername="rabbit_house" frame="3" z_index="28" m_a="1.035222" m_b="0.074581" m_c="-0.066110" m_d="0.917640" m_tx="20.685295" m_ty="-748.993103"/>
   <element name="rabbit_house" layername="rabbit_house" frame="2" z_index="29" m_a="1.039337" m_b="0.156011" m_c="-0.138875" m_d="0.925176" m_tx="9.872059" m_ty="-748.906372"/>
   <element name="rabbit_house" layername="rabbit_house_2" frame="1" z_index="30" m_a="1.035841" m_b="-0.104266" m_c="0.096481" m_d="0.958504" m_tx="-6.276941" m_ty="-748.929871"/>
   <element name="rabbit_house" layername="rabbit_house_3" frame="0" z_index="31" m_a="1.024361" m_b="0.000000" m_c="0.000000" m_d="0.986944" m_tx="2.750000" m_ty="-22.985765"/>
  </frame>
  <frame idx="350" w="1088" h="2154" x="-321.993134" y="-1115.256104">
   <element name="rabbit_house" layername="rabbit_house" frame="3" z_index="28" m_a="1.026618" m_b="0.053771" m_c="-0.049213" m_d="0.939585" m_tx="20.257576" m_ty="-752.630798"/>
   <element name="rabbit_house" layername="rabbit_house" frame="2" z_index="29" m_a="1.031416" m_b="0.113974" m_c="-0.104599" m_d="0.946574" m_tx="9.433333" m_ty="-752.555054"/>
   <element name="rabbit_house" layername="rabbit_house_2" frame="1" z_index="30" m_a="1.027537" m_b="-0.076160" m_c="0.071913" m_d="0.970235" m_tx="-6.739909" m_ty="-752.556580"/>
   <element name="rabbit_house" layername="rabbit_house_3" frame="0" z_index="31" m_a="1.018019" m_b="0.000000" m_c="0.000000" m_d="0.990346" m_tx="2.750000" m_ty="-22.999001"/>
  </frame>
  <frame idx="375" w="1088" h="2172" x="-319.930817" y="-1129.883789">
   <element name="rabbit_house" layername="rabbit_house" frame="3" z_index="28" m_a="1.018767" m_b="0.036398" m_c="-0.034242" m_d="0.958418" m_tx="19.878788" m_ty="-755.797485"/>
   <element name="rabbit_house" layername="rabbit_house" frame="2" z_index="29" m_a="1.023173" m_b="0.077769" m_c="-0.073286" m_d="0.964180" m_tx="9.028788" m_ty="-755.747498"/>
   <element name="rabbit_house" layername="rabbit_house_2" frame="1" z_index="30" m_a="1.019703" m_b="-0.051849" m_c="0.049828" m_d="0.979956" m_tx="-7.170212" m_ty="-755.709595"/>
   <element name="rabbit_house" layername="rabbit_house_3" frame="0" z_index="31" m_a="1.012499" m_b="0.000000" m_c="0.000000" m_d="0.993311" m_tx="2.762121" m_ty="-22.986879"/>
  </frame>
  <frame idx="400" w="1086" h="2188" x="-317.609253" y="-1142.234863">
   <element name="rabbit_house" layername="rabbit_house" frame="3" z_index="28" m_a="1.011938" m_b="0.022575" m_c="-0.021728" m_d="0.973959" m_tx="19.500000" m_ty="-758.448975"/>
   <element name="rabbit_house" layername="rabbit_house" frame="2" z_index="29" m_a="1.015324" m_b="0.047189" m_c="-0.045461" m_d="0.978154" m_tx="8.650000" m_ty="-758.398987"/>
   <element name="rabbit_house" layername="rabbit_house_2" frame="1" z_index="30" m_a="1.012720" m_b="-0.031512" m_c="0.030734" m_d="0.987722" m_tx="-7.549000" m_ty="-758.398987"/>
   <element name="rabbit_house" layername="rabbit_house_3" frame="0" z_index="31" m_a="1.007870" m_b="0.000000" m_c="0.000000" m_d="0.995773" m_tx="2.800000" m_ty="-22.948999"/>
  </frame>
  <frame idx="425" w="1086" h="2199" x="-316.274567" y="-1150.421631">
   <element name="rabbit_house" layername="rabbit_house" frame="3" z_index="28" m_a="1.007139" m_b="0.012759" m_c="-0.012474" m_d="0.984664" m_tx="19.316177" m_ty="-760.250427"/>
   <element name="rabbit_house" layername="rabbit_house" frame="2" z_index="29" m_a="1.009344" m_b="0.027325" m_c="-0.026729" m_d="0.987334" m_tx="8.502941" m_ty="-760.237244"/>
   <element name="rabbit_house" layername="rabbit_house_2" frame="1" z_index="30" m_a="1.007655" m_b="-0.018273" m_c="0.018005" m_d="0.992840" m_tx="-7.769588" m_ty="-760.200439"/>
   <element name="rabbit_house" layername="rabbit_house_3" frame="0" z_index="31" m_a="1.004664" m_b="0.000000" m_c="0.000000" m_d="0.997501" m_tx="2.763235" m_ty="-22.948999"/>
  </frame>
  <frame idx="450" w="1086" h="2207" x="-315.189453" y="-1156.382080">
   <element name="rabbit_house" layername="rabbit_house" frame="3" z_index="28" m_a="1.003444" m_b="0.005077" m_c="-0.005023" m_d="0.992692" m_tx="19.153030" m_ty="-761.602051"/>
   <element name="rabbit_house" layername="rabbit_house" frame="2" z_index="29" m_a="1.004568" m_b="0.011850" m_c="-0.011726" m_d="0.994042" m_tx="8.328788" m_ty="-761.626282"/>
   <element name="rabbit_house" layername="rabbit_house_2" frame="1" z_index="30" m_a="1.003694" m_b="-0.008196" m_c="0.008138" m_d="0.996610" m_tx="-7.897485" m_ty="-761.600525"/>
   <element name="rabbit_house" layername="rabbit_house_3" frame="0" z_index="31" m_a="1.002230" m_b="0.000000" m_c="0.000000" m_d="0.998804" m_tx="2.750000" m_ty="-22.948999"/>
  </frame>
  <frame idx="475" w="1086" h="2212" x="-314.477356" y="-1160.307495">
   <element name="rabbit_house" layername="rabbit_house" frame="3" z_index="28" m_a="1.001030" m_b="0.000502" m_c="-0.000501" m_d="0.997826" m_tx="19.025757" m_ty="-762.482300"/>
   <element name="rabbit_house" layername="rabbit_house" frame="2" z_index="29" m_a="1.001369" m_b="0.002264" m_c="-0.002257" m_d="0.998241" m_tx="8.187879" m_ty="-762.520203"/>
   <element name="rabbit_house" layername="rabbit_house_2" frame="1" z_index="30" m_a="1.001089" m_b="-0.001925" m_c="0.001921" m_d="0.998993" m_tx="-7.973242" m_ty="-762.520203"/>
   <element name="rabbit_house" layername="rabbit_house_3" frame="0" z_index="31" m_a="1.000659" m_b="0.000000" m_c="0.000000" m_d="0.999642" m_tx="2.750000" m_ty="-22.948999"/>
  </frame>
  <frame idx="500" w="1085" h="2213" x="-314.248413" y="-1161.448486">
   <element name="rabbit_house" layername="rabbit_house" frame="3" z_index="28" m_a="1.000000" m_b="0.000000" m_c="0.000000" m_d="1.000000" m_tx="18.950001" m_ty="-762.898987"/>
   <element name="rabbit_house" layername="rabbit_house" frame="2" z_index="29" m_a="1.000000" m_b="0.000000" m_c="0.000000" m_d="1.000000" m_tx="8.150000" m_ty="-762.898987"/>
   <element name="rabbit_house" layername="rabbit_house_2" frame="1" z_index="30" m_a="1.000000" m_b="0.000000" m_c="0.000000" m_d="1.000000" m_tx="-8.049000" m_ty="-762.898987"/>
   <element name="rabbit_house" layername="rabbit_house_3" frame="0" z_index="31" m_a="1.000000" m_b="0.000000" m_c="0.000000" m_d="1.000000" m_tx="2.750000" m_ty="-22.948999"/>
  </frame>
 </anim>
 <anim name="rubble" root="rabbithouse" numframes="50" framerate="40">
  <frame idx="0" w="1085" h="2213" x="-314.248413" y="-1161.448486">
   <element name="rabbit_house" layername="rabbit_house" frame="3" z_index="28" m_a="1.000000" m_b="0.000000" m_c="0.000000" m_d="1.000000" m_tx="18.950001" m_ty="-762.898987"/>
   <element name="rabbit_house" layername="rabbit_house" frame="2" z_index="29" m_a="1.000000" m_b="0.000000" m_c="0.000000" m_d="1.000000" m_tx="8.150000" m_ty="-762.898987"/>
   <element name="rabbit_house" layername="rabbit_house_2" frame="1" z_index="30" m_a="1.000000" m_b="0.000000" m_c="0.000000" m_d="1.000000" m_tx="-8.049000" m_ty="-762.898987"/>
   <element name="rabbit_house" layername="rabbit_house_3" frame="0" z_index="31" m_a="1.000000" m_b="0.000000" m_c="0.000000" m_d="1.000000" m_tx="2.750000" m_ty="-22.948999"/>
  </frame>
  <frame idx="25" w="1085" h="2213" x="-314.248413" y="-1161.448486">
   <element name="rabbit_house" layername="rabbit_house" frame="3" z_index="28" m_a="1.000000" m_b="0.000000" m_c="0.000000" m_d="1.000000" m_tx="18.950001" m_ty="-762.898987"/>
   <element name="rabbit_house" layername="rabbit_house" frame="2" z_index="29" m_a="1.000000" m_b="0.000000" m_c="0.000000" m_d="1.000000" m_tx="8.150000" m_ty="-762.898987"/>
   <element name="rabbit_house" layername="rabbit_house_2" frame="1" z_index="30" m_a="1.000000" m_b="0.000000" m_c="0.000000" m_d="1.000000" m_tx="-8.049000" m_ty="-762.898987"/>
   <element name="rabbit_house" layername="rabbit_house_3" frame="0" z_index="31" m_a="1.000000" m_b="0.000000" m_c="0.000000" m_d="1.000000" m_tx="2.750000" m_ty="-22.948999"/>
  </frame>
 </anim>
 <anim name="sideview" root="rabbithouse" numframes="50" framerate="40">
  <frame idx="0" w="1085" h="2213" x="-314.248413" y="-1161.448486">
   <element name="rabbit_house" layername="rabbit_house" frame="3" z_index="28" m_a="1.000000" m_b="0.000000" m_c="0.000000" m_d="1.000000" m_tx="18.950001" m_ty="-762.898987"/>
   <element name="rabbit_house" layername="rabbit_house" frame="2" z_index="29" m_a="1.000000" m_b="0.000000" m_c="0.000000" m_d="1.000000" m_tx="8.150000" m_ty="-762.898987"/>
   <element name="rabbit_house" layername="rabbit_house_2" frame="1" z_index="30" m_a="1.000000" m_b="0.000000" m_c="0.000000" m_d="1.000000" m_tx="-8.049000" m_ty="-762.898987"/>
   <element name="rabbit_house" layername="rabbit_house_3" frame="0" z_index="31" m_a="1.000000" m_b="0.000000" m_c="0.000000" m_d="1.000000" m_tx="2.750000" m_ty="-22.948999"/>
  </frame>
  <frame idx="25" w="1085" h="2213" x="-314.248413" y="-1161.448486">
   <element name="rabbit_house" layername="rabbit_house" frame="3" z_index="28" m_a="1.000000" m_b="0.000000" m_c="0.000000" m_d="1.000000" m_tx="18.950001" m_ty="-762.898987"/>
   <element name="rabbit_house" layername="rabbit_house" frame="2" z_index="29" m_a="1.000000" m_b="0.000000" m_c="0.000000" m_d="1.000000" m_tx="8.150000" m_ty="-762.898987"/>
   <element name="rabbit_house" layername="rabbit_house_2" frame="1" z_index="30" m_a="1.000000" m_b="0.000000" m_c="0.000000" m_d="1.000000" m_tx="-8.049000" m_ty="-762.898987"/>
   <element name="rabbit_house" layername="rabbit_house_3" frame="0" z_index="31" m_a="1.000000" m_b="0.000000" m_c="0.000000" m_d="1.000000" m_tx="2.750000" m_ty="-22.948999"/>
  </frame>
 </anim>
 <anim name="sideview_lit" root="rabbithouse" numframes="50" framerate="40">
  <frame idx="0" w="1085" h="2213" x="-314.248413" y="-1161.448486">
   <element name="rabbit_house" layername="rabbit_house" frame="3" z_index="28" m_a="1.000000" m_b="0.000000" m_c="0.000000" m_d="1.000000" m_tx="18.950001" m_ty="-762.898987"/>
   <element name="rabbit_house" layername="rabbit_house" frame="2" z_index="29" m_a="1.000000" m_b="0.000000" m_c="0.000000" m_d="1.000000" m_tx="8.150000" m_ty="-762.898987"/>
   <element name="rabbit_house" layername="rabbit_house_2" frame="1" z_index="30" m_a="1.000000" m_b="0.000000" m_c="0.000000" m_d="1.000000" m_tx="-8.049000" m_ty="-762.898987"/>
   <element name="rabbit_house" layername="rabbit_house_3" frame="0" z_index="31" m_a="1.000000" m_b="0.000000" m_c="0.000000" m_d="1.000000" m_tx="2.750000" m_ty="-22.948999"/>
  </frame>
  <frame idx="25" w="1085" h="2213" x="-314.248413" y="-1161.448486">
   <element name="rabbit_house" layername="rabbit_house" frame="3" z_index="28" m_a="1.000000" m_b="0.000000" m_c="0.000000" m_d="1.000000" m_tx="18.950001" m_ty="-762.898987"/>
   <element name="rabbit_house" layername="rabbit_house" frame="2" z_index="29" m_a="1.000000" m_b="0.000000" m_c="0.000000" m_d="1.000000" m_tx="8.150000" m_ty="-762.898987"/>
   <element name="rabbit_house" layername="rabbit_house_2" frame="1" z_index="30" m_a="1.000000" m_b="0.000000" m_c="0.000000" m_d="1.000000" m_tx="-8.049000" m_ty="-762.898987"/>
   <element name="rabbit_house" layername="rabbit_house_3" frame="0" z_index="31" m_a="1.000000" m_b="0.000000" m_c="0.000000" m_d="1.000000" m_tx="2.750000" m_ty="-22.948999"/>
  </frame>
 </anim>
 <anim name="unbuilt" root="rabbithouse" numframes="50" framerate="40">
  <frame idx="0" w="1085" h="2213" x="-314.248413" y="-1161.448486">
   <element name="rabbit_house" layername="rabbit_house" frame="3" z_index="28" m_a="1.000000" m_b="0.000000" m_c="0.000000" m_d="1.000000" m_tx="18.950001" m_ty="-762.898987"/>
   <element name="rabbit_house" layername="rabbit_house" frame="2" z_index="29" m_a="1.000000" m_b="0.000000" m_c="0.000000" m_d="1.000000" m_tx="8.150000" m_ty="-762.898987"/>
   <element name="rabbit_house" layername="rabbit_house_2" frame="1" z_index="30" m_a="1.000000" m_b="0.000000" m_c="0.000000" m_d="1.000000" m_tx="-8.049000" m_ty="-762.898987"/>
   <element name="rabbit_house" layername="rabbit_house_3" frame="0" z_index="31" m_a="1.000000" m_b="0.000000" m_c="0.000000" m_d="1.000000" m_tx="2.750000" m_ty="-22.948999"/>
  </frame>
  <frame idx="25" w="1085" h="2213" x="-314.248413" y="-1161.448486">
   <element name="rabbit_house" layername="rabbit_house" frame="3" z_index="28" m_a="1.000000" m_b="0.000000" m_c="0.000000" m_d="1.000000" m_tx="18.950001" m_ty="-762.898987"/>
   <element name="rabbit_house" layername="rabbit_house" frame="2" z_index="29" m_a="1.000000" m_b="0.000000" m_c="0.000000" m_d="1.000000" m_tx="8.150000" m_ty="-762.898987"/>
   <element name="rabbit_house" layername="rabbit_house_2" frame="1" z_index="30" m_a="1.000000" m_b="0.000000" m_c="0.000000" m_d="1.000000" m_tx="-8.049000" m_ty="-762.898987"/>
   <element name="rabbit_house" layername="rabbit_house_3" frame="0" z_index="31" m_a="1.000000" m_b="0.000000" m_c="0.000000" m_d="1.000000" m_tx="2.750000" m_ty="-22.948999"/>
  </frame>
 </anim>
</Anims>
